{
  "HTTP Request-1" : {
    "transaction" : "HTTP Request-1",
    "sampleCount" : 62,
    "errorCount" : 8,
    "errorPct" : 12.903226,
    "meanResTime" : 1763.5161290322583,
    "medianResTime" : 1756.0,
    "minResTime" : 619.0,
    "maxResTime" : 3205.0,
    "pct1ResTime" : 2883.9,
    "pct2ResTime" : 3036.1499999999996,
    "pct3ResTime" : 3205.0,
    "throughput" : 11.909335382251248,
    "receivedKBytesPerSec" : 4724.457431929504,
    "sentKBytesPerSec" : 1.1547673357664232
  },
  "Total" : {
    "transaction" : "Total",
    "sampleCount" : 224,
    "errorCount" : 54,
    "errorPct" : 24.107143,
    "meanResTime" : 1969.5267857142856,
    "medianResTime" : 2184.0,
    "minResTime" : 70.0,
    "maxResTime" : 4922.0,
    "pct1ResTime" : 3549.0,
    "pct2ResTime" : 4059.25,
    "pct3ResTime" : 4824.75,
    "throughput" : 42.06572769953051,
    "receivedKBytesPerSec" : 9270.236208920187,
    "sentKBytesPerSec" : 4.850352112676056
  },
  "HTTP Request-0" : {
    "transaction" : "HTTP Request-0",
    "sampleCount" : 62,
    "errorCount" : 0,
    "errorPct" : 0.0,
    "meanResTime" : 1122.1129032258066,
    "medianResTime" : 1170.0,
    "minResTime" : 70.0,
    "maxResTime" : 2350.0,
    "pct1ResTime" : 2244.8,
    "pct2ResTime" : 2280.9,
    "pct3ResTime" : 2350.0,
    "throughput" : 19.871794871794872,
    "receivedKBytesPerSec" : 11.042042267628204,
    "sentKBytesPerSec" : 2.2122896634615383
  },
  "HTTP Request" : {
    "transaction" : "HTTP Request",
    "sampleCount" : 100,
    "errorCount" : 46,
    "errorPct" : 46.0,
    "meanResTime" : 2622.65,
    "medianResTime" : 2200.0,
    "minResTime" : 1511.0,
    "maxResTime" : 4922.0,
    "pct1ResTime" : 4151.1,
    "pct2ResTime" : 4561.249999999997,
    "pct3ResTime" : 4921.15,
    "throughput" : 18.779342723004696,
    "receivedKBytesPerSec" : 4644.888497652582,
    "sentKBytesPerSec" : 2.425176056338028
  }
}