{
  "HTTP Request-1" : {
    "transaction" : "HTTP Request-1",
    "sampleCount" : 10,
    "errorCount" : 0,
    "errorPct" : 0.0,
    "meanResTime" : 768.2,
    "medianResTime" : 728.5,
    "minResTime" : 621.0,
    "maxResTime" : 1000.0,
    "pct1ResTime" : 994.0,
    "pct2ResTime" : 1000.0,
    "pct3ResTime" : 1000.0,
    "throughput" : 7.037297677691766,
    "receivedKBytesPerSec" : 3201.7986343244193,
    "sentKBytesPerSec" : 0.7834491555242786
  },
  "Total" : {
    "transaction" : "Total",
    "sampleCount" : 30,
    "errorCount" : 0,
    "errorPct" : 0.0,
    "meanResTime" : 573.1000000000003,
    "medianResTime" : 704.5,
    "minResTime" : 71.0,
    "maxResTime" : 1115.0,
    "pct1ResTime" : 995.8000000000001,
    "pct2ResTime" : 1071.55,
    "pct3ResTime" : 1115.0,
    "throughput" : 19.543973941368076,
    "receivedKBytesPerSec" : 5935.260586319218,
    "sentKBytesPerSec" : 2.901058631921824
  },
  "HTTP Request-0" : {
    "transaction" : "HTTP Request-0",
    "sampleCount" : 10,
    "errorCount" : 0,
    "errorPct" : 0.0,
    "meanResTime" : 90.80000000000001,
    "medianResTime" : 83.0,
    "minResTime" : 71.0,
    "maxResTime" : 152.0,
    "pct1ResTime" : 147.9,
    "pct2ResTime" : 152.0,
    "pct3ResTime" : 152.0,
    "throughput" : 11.061946902654867,
    "receivedKBytesPerSec" : 6.146726355088496,
    "sentKBytesPerSec" : 1.231505807522124
  },
  "HTTP Request" : {
    "transaction" : "HTTP Request",
    "sampleCount" : 10,
    "errorCount" : 0,
    "errorPct" : 0.0,
    "meanResTime" : 860.3,
    "medianResTime" : 840.5,
    "minResTime" : 708.0,
    "maxResTime" : 1115.0,
    "pct1ResTime" : 1107.1,
    "pct2ResTime" : 1115.0,
    "pct3ResTime" : 1115.0,
    "throughput" : 6.514657980456026,
    "receivedKBytesPerSec" : 2967.630293159609,
    "sentKBytesPerSec" : 1.450529315960912
  }
}