{
  "HTTP Request-1" : {
    "transaction" : "HTTP Request-1",
    "sampleCount" : 70,
    "errorCount" : 59,
    "errorPct" : 84.28571,
    "meanResTime" : 2238.3142857142852,
    "medianResTime" : 2204.5,
    "minResTime" : 1312.0,
    "maxResTime" : 2808.0,
    "pct1ResTime" : 2713.8,
    "pct2ResTime" : 2746.35,
    "pct3ResTime" : 2808.0,
    "throughput" : 13.07433694434068,
    "receivedKBytesPerSec" : 971.7415206504483,
    "sentKBytesPerSec" : 0.22872793705640643
  },
  "Total" : {
    "transaction" : "Total",
    "sampleCount" : 1140,
    "errorCount" : 1048,
    "errorPct" : 91.929825,
    "meanResTime" : 2258.820175438597,
    "medianResTime" : 2213.0,
    "minResTime" : 121.0,
    "maxResTime" : 5030.0,
    "pct1ResTime" : 2401.0,
    "pct2ResTime" : 2430.0,
    "pct3ResTime" : 4439.0,
    "throughput" : 205.40540540540542,
    "receivedKBytesPerSec" : 2347.712204391892,
    "sentKBytesPerSec" : 3.2495777027027026
  },
  "HTTP Request-0" : {
    "transaction" : "HTTP Request-0",
    "sampleCount" : 70,
    "errorCount" : 0,
    "errorPct" : 0.0,
    "meanResTime" : 1198.2285714285713,
    "medianResTime" : 1209.0,
    "minResTime" : 121.0,
    "maxResTime" : 2246.0,
    "pct1ResTime" : 2238.9,
    "pct2ResTime" : 2242.45,
    "pct3ResTime" : 2246.0,
    "throughput" : 25.134649910233396,
    "receivedKBytesPerSec" : 13.966421678635546,
    "sentKBytesPerSec" : 2.798193447037702
  },
  "HTTP Request" : {
    "transaction" : "HTTP Request",
    "sampleCount" : 1000,
    "errorCount" : 989,
    "errorPct" : 98.9,
    "meanResTime" : 2334.4969999999985,
    "medianResTime" : 2215.0,
    "minResTime" : 2174.0,
    "maxResTime" : 5030.0,
    "pct1ResTime" : 2402.0,
    "pct2ResTime" : 2430.0,
    "pct3ResTime" : 4441.97,
    "throughput" : 180.18018018018017,
    "receivedKBytesPerSec" : 1403.2796663851352,
    "sentKBytesPerSec" : 1.6247888513513513
  }
}